bulk_symbols,bulk_mpid
V,mp-146
Ir,mp-101
Rh,mp-74
Co2,mp-54
Fe,mp-13
Cu,mp-30
Au,mp-81
Ag,mp-124
Pd,mp-2
Pt,mp-126
Ni,mp-23
Zn2,mp-79
Ru2,mp-33
Cr,mp-90
Au2,mp-1008634
Ag3,mp-989737
Mn29,mp-35
V,mp-1056037
Ni,mp-1056486
Ru2,mp-1061133
Pd,mp-1056438
Rh4,mp-1186916
Pd4,mp-1186427
Fe6,mp-568345
Fe,mp-1096950
Ru,mp-8639
Fe,mp-150
Fe2,mp-136
Fe28,mp-1194030
Ni2,mp-10257
Ni,mp-1008728
Ni4,mp-1014111
Ni4,mp-1094136
Co28,mp-1193227
Co4,mp-102
Co4,mp-1183710
Co6,mp-1072089
Cu6,mp-1120774
Cu,mp-1010136
Cu4,mp-989695
Cu2,mp-989782
Zn3,mp-1187812
Mn,mp-8634
Mn20,mp-542909
Cr8,mp-17
VPt2,mp-12108
VPd2,mp-11549
PtRh3,mp-974376
V4Ir4,mp-982070
V6Co2,mp-1585
V6Ni2,mp-7226
V6Au2,mp-839
V2Rh2,mp-1251
V2Ir2,mp-1281
VFe,mp-1335
FePt,mp-2260
Co2Pt2,mp-949
Fe2Pd2,mp-2831
V2Rh6,mp-866161
Ir3Rh,mp-863709
Cu16Pd4,mp-30594
FeNi3,mp-1418
Co3Ni,mp-1008349
Co6Pt2,mp-865193
CuAu3,mp-2103
PdAu3,mp-973834
Fe3Co,mp-601820
AgAu3,mp-867303
Cu2Au2,mp-522
CuPd,mp-1018029
Cu3Pd,mp-580357
CoPt3,mp-922
V2Pt2,mp-1017531
Pd3Au,mp-999298
V6Ir2,mp-2006
V6Pd2,mp-1664
Fe6Pt2,mp-11798
Pt3Rh,mp-974395
PdAu3,mp-973839
VPt3,mp-2705
V6Rh2,mp-1578
V2Ir2,mp-569250
V2Rh2,mp-971751
Fe9Co7,mp-601842
VNi3,mp-171
V2Pt2,mp-2678
FeNi3,mp-1007855
V2Pd6,mp-979980
VPd3,mp-568711
VNi2,mp-11531
V2Ir6,mp-865496
V6Pt2,mp-2211
FeRh,mp-1918
VPd3,mp-873
VIr3,mp-1082
CuPt7,mp-12608
Cu3Pt,mp-12086
Ni3Pt,mp-12798
Cu3Au,mp-2258
FePd3,mp-21845
VPt3,mp-372
PtRh3,mp-974370
VRh3,mp-1185
Fe15Co,mp-18695
VCo3,mp-1017529
FeCo,mp-2090
Fe3Pt,mp-1649
Fe11Co5,mp-601848
VFe3,mp-866134
Co18V6,mp-542614
Fe13Co3,mp-641526
Cu21Pd7,mp-672265
Cu10Au10,mp-582681
Cu21Pd7,mp-680639
Zn24Au8,mp-30424
Zn4Au12,mp-1755
MnAu2,mp-11252
Mn2Au5,mp-30410
ZnAg3,mp-864794
Zn3Co,mp-981215
MnAu,mp-12674
ZnAg,mp-1912
Zn16Ag10,mp-30361
MnAu4,mp-12565
ZnAu,mp-1684
MnAu,mp-12675
Zn8Au24,mp-669566
Mn2Zn6,mp-975079
Zn6Cu2,mp-972042
CoZn13,mp-30568
CrNi2,mp-784631
CrPd3,mp-865786
Mn2Ru6,mp-865045
Zn3Co,mp-971948
Cr6Pt2,mp-446
Cr6Ir2,mp-1609
FeZn13,mp-1722
Zn6Ru2,mp-1380
CuZn,mp-987
CrRh3,mp-12585
MnCo,mp-1009133
Mn2Pt2,mp-1670
Zn3Ir,mp-865362
Mn2Ir2,mp-2728
V2Ru6,mp-971788
ZnRh3,mp-971779
Zn2Pt2,mp-894
ZnPd3,mp-865425
Mn6Ir2,mp-864735
Mn2Pd2,mp-238
Zn3Rh,mp-865342
Zn13Rh,mp-13447
ZnPt3,mp-30856
ZnNi3,mp-971804
Zn22Rh4,mp-13448
Cu10Zn16,mp-1368
MnRh,mp-417
CrPt3,mp-2515
NiZn,mp-1486
MnPd,mp-1902
Mn11Pd21,mp-758104
Mn2Pd6,mp-31138
Mn2Ni2,mp-1797
ZnRh,mp-6938
Zn3Ni,mp-971941
Zn3Pt,mp-865355
Zn3Pd,mp-865357
Zn2Pd2,mp-1652
Zn2Pd6,mp-971909
Mn2Ir6,mp-865022
Ir2Ru6,mp-862620
Zn6Rh2,mp-980200
MnV3,mp-864984
IrRu,mp-974421
Ni4Zn22,mp-11532
ZnNi3,mp-971758
CrNi3,mp-1007923
VZn3,mp-11578
Ni2Zn2,mp-429
V3Ru,mp-865382
CrIr3,mp-12083
MnZn3,mp-11504
MnPt3,mp-1180
VRu,mp-1395
Zn22Ir4,mp-30747
MnNi3,mp-11501
VMn,mp-316
V4Zn5,mp-30883
Ir3Ru,mp-974358
MnNi,mp-11500
Zn24Pt14,mp-30857
CrNi3,mp-1007974
Cu2Au2,mp-570895
AgAu3,mp-863750
Zn8Ag4,mp-1093999
VRu,mp-991544
VPt8,mp-1079997
Fe2Ni6,mp-1079337
V4Ir4,mp-1079582
VNi2,mp-1062948
FeNi3,mp-1063561
MnAu4,mp-990232
V4Zn5,mp-1078875
Cr2Co6,mp-1087479
Ni2Pt2,mp-568067
Fe3Pt,mp-1066232
Fe7Co,mp-1080603
V4Ir4,mp-1079131
V2Co6,mp-1095057
MnRh,mp-1059972
V6Fe2,mp-1079399
Mn3Pd5,mp-1078895
FeIr3,mp-10596
Zn4Pd8,mp-1103252
Mn4Pd8,mp-1102640
Ni3Pt,mp-1100766
Zn6Co2,mp-1187993
VCr3,mp-1187696
Zn5Pd3,mp-1215488
CrIr,mp-1226229
CuPd,mp-1225701
Zn2Pd4,mp-1215509
CrPt4,mp-1226207
Zn20Fe6,mp-1215735
AgPt,mp-1229015
Zn22Co4,mp-1192361
VPd3,mp-1216290
Zn2Ag6,mp-1187952
AgPt,mp-1183209
PdPt,mp-1219908
Zn20Pd6,mp-1215779
ZnAg3,mp-1187946
Fe3Rh,mp-1184364
Zn9Ag9,mp-1215724
ZnCu2,mp-1215401
IrRh3,mp-1184794
VFe,mp-1216347
PdAu,mp-1219920
CuPd3,mp-1184119
Mn2Pd6,mp-1186013
CuAu3,mp-1184018
AgPd,mp-1229012
AgPd,mp-1183222
Mn6Pt2,mp-1185931
ZnAu4,mp-1215575
FePd3,mp-1224883
ZnCu3,mp-1215529
Pd2Au6,mp-1186447
ZnPd4,mp-1215579
Zn18Fe8,mp-1207450
Fe2Rh6,mp-1184368
ZnPd3,mp-1187913
V3Fe,mp-1187697
CoPt,mp-1225998
V3Cr,mp-1187695
IrRh,mp-1223919
Zn6Ag2,mp-1187969
V16Ir16,mp-1178808
Zn3Ag,mp-1215497
VFe4,mp-1216329
Cr2Ir6,mp-1183749
ZnCu3,mp-1215518
AgAu,mp-1229092
ZnIr,mp-1206819
Zn6Au2,mp-1188000
FeCo,mp-1225016
MnZn13,mp-1210567
AgAu3,mp-1183224
CuPd,mp-1225656
Cr6Pt2,mp-1183705
PdPt3,mp-1186450
CrPt,mp-1206750
ZnAg,mp-1215437
VPd4,mp-1216296
Ag3Au,mp-1183214
Ag3Au,mp-1183137
Cu6Pd4,mp-1225751
V3Rh5,mp-1216486
VCr,mp-1216394
CoPt3,mp-1226089
CrRh,mp-1226170
ZnCu,mp-1215462
VFe3,mp-1216352
AgAu,mp-1183227
ZnAg,mp-1187974
Mn6Co2,mp-1185970
IrRu,mp-1223860
RuRh3,mp-974335
Ru2Rh6,mp-974341
RuRh,mp-1219503
Ru6Rh2,mp-1186926
RuRh4,mp-1219522
FeRu,mp-1224803
NiRu,mp-1219922
Ni4Ru,mp-1220081
Co4Ru,mp-1226024
Co6Ru2,mp-1183807
CoRu,mp-1225997
RuPt,mp-1120769
NiPd,mp-1220057
Ni2Pd6,mp-973983
Cu6Ru2,mp-1184026
CuRu3,mp-1184121
Cu3Ag,mp-1184011
NiPt,mp-1220052
NiPt3,mp-1186117
Co6Ni2,mp-1183837
Mn2Au6,mp-1186010
Fe6Ni4,mp-1225009
V16Ir16,mp-1178810
PtRh,mp-1219734
Ag6Pd2,mp-1183206
AgPt4,mp-1229032
Ag6Au2,mp-1183205
FeNi3,mp-1225078
Zn6Ni2,mp-1187948
Zn16Pd8,mp-1215714
ZnNi4,mp-1215582
Ir3Rh,mp-1184771
V18Ni12,mp-1216708
VCuRh2,mp-979910
FeNiPt2,mp-13463
Cu2PdAu,mp-862256
Cu2Zn4Au2,mp-12759
ZnCuAu2,mp-864623
Zn2RhAu,mp-864844
CuZn2Au,mp-3648
Zn2AgAu,mp-31171
ZnPd2Au,mp-977383
Zn2PdAu,mp-971891
ZnFeRh2,mp-977361
Zn2CuIr,mp-980665
V2CrRu,mp-865494
ZnCuPd2,mp-864661
Zn2CuPt,mp-971827
CrCoPt2,mp-570863
VFeRu2,mp-980749
Mn2CrCo,mp-864955
MnV2Cr,mp-864953
Mn2PtRh,mp-865032
VZnRh2,mp-865487
MnCuPd2,mp-864946
VZnRu2,mp-865486
Zn2PdRh,mp-864839
Zn2PdPt,mp-981368
Zn2NiIr,mp-971836
MnZnIr2,mp-864985
ZnCuNi2,mp-971738
MnVRu2,mp-864983
Zn2PtRh,mp-977427
V2CrFe,mp-865490
Zn2NiRh,mp-864654
MnZnRh2,mp-864987
NiCu2Zn,mp-30593
ZnCuPt2,mp-971739
V3Co6Ni3,mp-1102168
MnV2Fe,mp-1186011
PdPtAu,mp-1219928
MnZnPd2,mp-1186001
AgPd2Au,mp-1229031
MnCrPt6,mp-1221728
MnZnPt2,mp-1186015
V6CoIr,mp-1216460
Cu3PdAu4,mp-1225771
Zn2AgAu,mp-1215460
ZnAgPd2,mp-1187926
MnCuPt6,mp-1206110
Mn2IrRh,mp-1185981
VZnCo2,mp-1187698
MnFePd6,mp-1221696
VCrFe2,mp-1216349
V6CoRh,mp-1216457
AgPdAu2,mp-1183167
V4Cr4Co4,mp-1216414
Mn2PdPt,mp-1185926
MnPd2Au,mp-1185995
Zn2PdAu,mp-1215448
Zn2Cu2Au4,mp-1215564
Zn2CuRh,mp-1187800
MnZnAu2,mp-1186003
MnV2Ru,mp-1186006
FeNiPt6,mp-1224947
V6CoNi,mp-1216439
CoNiPt2,mp-1226004
ZnCu2Ni,mp-1215413
Zn2CuNi,mp-1215438
V6FeNi,mp-1216443
MnZnNi2,mp-1186005
